model_key,model_line,model_role,role_label,condition,condition_label,run_id,cases,ema_correct,ema,esr_executable,esr,string_exact,normalized_exact,char_accuracy,token_accuracy,generation_time_mean,prompt_tokens_mean,prompt_tokens_max,completion_tokens_mean,completion_tokens_max,total_tokens_mean,raw_output_empty,sql_extraction_empty,completion_limit_cases,prediction_timeout_cases,gold_timeout_cases,retrieval_similarity_selected_slot_mean,retrieval_similarity_min,retrieval_similarity_max,retrieval_set_min_mean,retrieval_rank1_mean,retrieval_rank2_mean,retrieval_rank3_mean,effective_k3_cases,zero_shot_fallback_cases,actual_k_distribution,max_input_tokens,max_new_tokens,timeout_policy,config_path,config_sha256,result_path,result_sha256,metadata_path,metadata_sha256,trace_path,trace_sha256,summary_reproduction_status,run_status
qwen2b,Qwen 3.5 2B,base,Base,top3,Dynamic Top-3,run_k3_qwen2b_base_top3_maxin4352_20260717_101346,1032,420,0.4069767441860465,739,0.7160852713178295,0.07267441860465117,0.17926356589147288,0.2742385271317829,0.38353811046511627,5.332862684108528,1415.1637596899225,3733,158.74321705426357,256,1573.906976744186,0,11,551,0,0,0.7054402448320413,0.450881,0.971507,0.6913299864341085,0.7217922742248062,0.7031984738372093,0.6913299864341085,1032,0,"{""0"": 0, ""3"": 1032}",4352,256,no_explicit_statement_timeout,configs/eval_qwen35_2b_base_dynamic_bge_large_top3_k3_full_schema_maxin4352_full_aliasnames.json,b511648d49166ace8f17a2bcb8ce36bc29c6a5c31e33a537ebadaf7e5f9e2d76,results/k3_extension_20260717/run_k3_qwen2b_base_top3_maxin4352_20260717_101346.csv,4b7b32932e1569a759414c5ca953b38ed4bae31c0d677a3e87f94f105181c9e5,results/k3_extension_20260717/run_k3_qwen2b_base_top3_maxin4352_20260717_101346_metadata.json,3cfdd1b95800df5f6a9ac33679da7316f08da02a40141d928f4d7ae29b8a8a6a,results/k3_extension_20260717/retrieval_traces/run_k3_qwen2b_base_top3_maxin4352_20260717_101346_retrieval_traces.jsonl,c82b306ac3fbc64b641f6772e9eb1e2c27fde90978c98d74d0253d9dfedacb57,PASS,COMPLETE_VALID
qwen2b,Qwen 3.5 2B,base,Base,top3_gate070,Dynamic Top-3 Gate 0.70,run_k3_qwen2b_base_top3_gate070_maxin4352_20260717_114608,1032,452,0.437984496124031,774,0.75,0.05426356589147287,0.13953488372093023,0.2326816608527132,0.31670543023255815,3.6064462218992253,859.7519379844962,3728,108.5125968992248,256,968.2645348837209,0,10,301,0,0,0.7054402448320413,0.450881,0.971507,0.6913299864341085,0.7217922742248062,0.7031984738372093,0.6913299864341085,480,552,"{""0"": 552, ""3"": 480}",4352,256,no_explicit_statement_timeout,configs/eval_qwen35_2b_base_dynamic_bge_large_top3_gate070_k3_full_schema_maxin4352_full_aliasnames.json,98cb022523fd07465aedcac01398e3bc47c53d55552208a63976979241bb8cba,results/k3_extension_20260717/run_k3_qwen2b_base_top3_gate070_maxin4352_20260717_114608.csv,8a68f1f043486ccbeab498c62052ddf4bcd15fb529062552d6d4b96d8e78f8d9,results/k3_extension_20260717/run_k3_qwen2b_base_top3_gate070_maxin4352_20260717_114608_metadata.json,eb3d3b3b3046641376857a6b884232746dfc20c69c96edbc27b3ee46295303fb,results/k3_extension_20260717/retrieval_traces/run_k3_qwen2b_base_top3_gate070_maxin4352_20260717_114608_retrieval_traces.jsonl,a45166f08ef0e0d1eddab67d805798e67c5182489bf75b75f61960ddf9dab4f8,PASS,COMPLETE_VALID
qwen2b,Qwen 3.5 2B,base,Base,top3_gate085,Dynamic Top-3 Gate 0.85,run_k3_qwen2b_base_top3_gate085_maxin4352_20260717_124844,1032,464,0.4496124031007752,814,0.7887596899224806,0.003875968992248062,0.07461240310077519,0.16434807751937983,0.2284691434108527,1.78794253875969,379.81492248062017,2181,51.37596899224806,256,431.1908914728682,0,9,31,0,0,0.7054402448320413,0.450881,0.971507,0.6913299864341085,0.7217922742248062,0.7031984738372093,0.6913299864341085,7,1025,"{""0"": 1025, ""3"": 7}",4352,256,no_explicit_statement_timeout,configs/eval_qwen35_2b_base_dynamic_bge_large_top3_gate085_k3_full_schema_maxin4352_full_aliasnames.json,dbca16157748e2763937626af73c5a24ea7d25d664bd6950b5a0331d52ca3d9c,results/k3_extension_20260717/run_k3_qwen2b_base_top3_gate085_maxin4352_20260717_124844.csv,52d9788ed827ef77c73b369c39271ebcdf12c9897abc6a3c1a1882b6f9683f66,results/k3_extension_20260717/run_k3_qwen2b_base_top3_gate085_maxin4352_20260717_124844_metadata.json,7a40c535b0621e5ef42b592774f6f0d2a674e3c81db269e0734d87e2da3f6f47,results/k3_extension_20260717/retrieval_traces/run_k3_qwen2b_base_top3_gate085_maxin4352_20260717_124844_retrieval_traces.jsonl,0bcb442d2d93c96ebc7808d980b8050dd98b064918a430c152180994b097e3f3,PASS,COMPLETE_VALID
qwen2b,Qwen 3.5 2B,base,Base,structure_top3,Structure Top-3,run_k3_qwen2b_base_structure_top3_maxin4352_20260717_132002,1032,425,0.4118217054263566,729,0.7063953488372093,0.08430232558139535,0.18410852713178294,0.27967602906976746,0.3921936550387597,5.399882378875969,1447.6463178294573,4269,159.90406976744185,256,1607.5503875968993,0,9,554,0,0,0.7023275836563307,0.450881,0.971507,0.6853105203488373,0.7181813614341086,0.6998277083333333,0.6889736812015504,1032,0,"{""0"": 0, ""3"": 1032}",4352,256,no_explicit_statement_timeout,configs/eval_qwen35_2b_base_dynamic_bge_large_top10_structure_rerank_v2_top3_k3_full_schema_maxin4352_full_aliasnames.json,9f3b70ba37e00fe34ce5347cf381e1be36d4eaa224eaa6aaa3f9ccdbbca6096f,results/k3_extension_20260717/run_k3_qwen2b_base_structure_top3_maxin4352_20260717_132002.csv,110b5a3f6d0505e551b5fc2b56268e192206d1766d064ded38fa53f6160687f3,results/k3_extension_20260717/run_k3_qwen2b_base_structure_top3_maxin4352_20260717_132002_metadata.json,38ac5e9df86b99d1a070097dd4b0ab0c3b4196cb57a853821191cd1dd2345343,results/k3_extension_20260717/retrieval_traces/run_k3_qwen2b_base_structure_top3_maxin4352_20260717_132002_retrieval_traces.jsonl,a87c9899c3b1d93ec6494ab1a9ee816d23e2112f686e87b4c63a6c43042ba9bc,PASS,COMPLETE_VALID
qwen2b,Qwen 3.5 2B,base,Base,structure_top3_gate070,Structure Top-3 Gate 0.70,run_k3_qwen2b_base_structure_top3_gate070_maxin4352_20260717_145336,1032,449,0.43507751937984496,770,0.7461240310077519,0.060077519379844964,0.13565891472868216,0.22820232558139533,0.31217981879844964,3.5342406182170545,834.906007751938,3728,106.45445736434108,256,941.3604651162791,0,8,290,0,0,0.7023275836563307,0.450881,0.971507,0.6853105203488373,0.7181813614341086,0.6998277083333333,0.6889736812015504,450,582,"{""0"": 582, ""3"": 450}",4352,256,no_explicit_statement_timeout,configs/eval_qwen35_2b_base_dynamic_bge_large_top10_structure_rerank_v2_top3_gate070_k3_full_schema_maxin4352_full_aliasnames.json,14b2e5f356660bb6988fdeab953ee2ded10c7fb896db0545d33e7b84513dc2f5,results/k3_extension_20260717/run_k3_qwen2b_base_structure_top3_gate070_maxin4352_20260717_145336.csv,42f990f5843b3de64bbfc6034638d2075c738858dd3b86e1d235996d9e14fc99,results/k3_extension_20260717/run_k3_qwen2b_base_structure_top3_gate070_maxin4352_20260717_145336_metadata.json,80f24d19928dbee6b6f4d75200fda258e3214c3301eb3aeca9ecb78bd202290c,results/k3_extension_20260717/retrieval_traces/run_k3_qwen2b_base_structure_top3_gate070_maxin4352_20260717_145336_retrieval_traces.jsonl,cf42e7b0d527b7596ddb850f6d86714373b68dd118d4e5edecf0f621a2b00352,PASS,COMPLETE_VALID
qwen2b,Qwen 3.5 2B,base,Base,structure_top3_gate085,Structure Top-3 Gate 0.85,run_k3_qwen2b_base_structure_top3_gate085_maxin4352_20260717_155500,1032,465,0.45058139534883723,814,0.7887596899224806,0.003875968992248062,0.07461240310077519,0.16431946511627907,0.228595628875969,1.7829459350775194,378.5765503875969,2181,51.1937984496124,256,429.7703488372093,0,9,30,0,0,0.7023275836563307,0.450881,0.971507,0.6853105203488373,0.7181813614341086,0.6998277083333333,0.6889736812015504,6,1026,"{""0"": 1026, ""3"": 6}",4352,256,no_explicit_statement_timeout,configs/eval_qwen35_2b_base_dynamic_bge_large_top10_structure_rerank_v2_top3_gate085_k3_full_schema_maxin4352_full_aliasnames.json,c17526f9076d528c859ee04d73c6f81dbb26ff3289f5bf5467d0d955c00d6d81,results/k3_extension_20260717/run_k3_qwen2b_base_structure_top3_gate085_maxin4352_20260717_155500.csv,7022b1f19b4c5f734eb15c228d0d4a47c1e39fd9cac906d835578bbe09fcbef7,results/k3_extension_20260717/run_k3_qwen2b_base_structure_top3_gate085_maxin4352_20260717_155500_metadata.json,1ffdef65cbc8883fc454a4456fc53a69b86c19092fb1658e0af63a4838527346,results/k3_extension_20260717/retrieval_traces/run_k3_qwen2b_base_structure_top3_gate085_maxin4352_20260717_155500_retrieval_traces.jsonl,623431ca8ba022c8ac1147597bf4c989ed1b03eee7fd8f26a4cf4cd685b119d0,PASS,COMPLETE_VALID
qwen2b,Qwen 3.5 2B,lora_v2,LoRA v2,top3,Dynamic Top-3,run_k3_qwen2b_lora_v2_top3_maxin4352_20260717_162744,1032,572,0.5542635658914729,844,0.8178294573643411,0.18507751937984496,0.3313953488372093,0.5262504253875968,0.6194484118217054,2.4450363614341084,1415.1637596899225,3733,37.21220930232558,256,1452.375968992248,0,0,1,0,0,0.7054402448320413,0.450881,0.971507,0.6913299864341085,0.7217922742248062,0.7031984738372093,0.6913299864341085,1032,0,"{""0"": 0, ""3"": 1032}",4352,256,no_explicit_statement_timeout,configs/eval_qwen35_2b_lora_v2_old25k_r8_alpha16_mixedval2500_v2_bestepoch1_dynamic_bge_large_top3_k3_full_schema_maxin4352_full_aliasnames.json,c5c2ab7ec7c8ccb86b1039b7978b2a9ba7b5f5cf6754fac39d87569936803478,results/k3_extension_20260717/run_k3_qwen2b_lora_v2_top3_maxin4352_20260717_162744.csv,352aa17359aa225b94f2d5acabf9c4f4634e70ff2bd10665c137ce55308bc173,results/k3_extension_20260717/run_k3_qwen2b_lora_v2_top3_maxin4352_20260717_162744_metadata.json,0c4d3db2784438d3d358dd07dab6eb8557b04dd48fe245a3b537fe4fae89f36c,results/k3_extension_20260717/retrieval_traces/run_k3_qwen2b_lora_v2_top3_maxin4352_20260717_162744_retrieval_traces.jsonl,c82b306ac3fbc64b641f6772e9eb1e2c27fde90978c98d74d0253d9dfedacb57,PASS,COMPLETE_VALID
qwen2b,Qwen 3.5 2B,lora_v2,LoRA v2,top3_gate070,Dynamic Top-3 Gate 0.70,run_k3_qwen2b_lora_v2_top3_gate070_maxin4352_20260717_171027,1032,597,0.5784883720930233,863,0.8362403100775194,0.19573643410852712,0.3439922480620155,0.5468914990310078,0.6448272839147287,2.3912275843023254,859.7519379844962,3728,36.791666666666664,164,896.5436046511628,0,0,0,0,0,0.7054402448320413,0.450881,0.971507,0.6913299864341085,0.7217922742248062,0.7031984738372093,0.6913299864341085,480,552,"{""0"": 552, ""3"": 480}",4352,256,no_explicit_statement_timeout,configs/eval_qwen35_2b_lora_v2_old25k_r8_alpha16_mixedval2500_v2_bestepoch1_dynamic_bge_large_top3_gate070_k3_full_schema_maxin4352_full_aliasnames.json,7186bfc5f0b6abcf6e9e141af5ef717fe20a40d41a8df58ba2046713e2785473,results/k3_extension_20260717/run_k3_qwen2b_lora_v2_top3_gate070_maxin4352_20260717_171027.csv,2fef51f414ebd25ae28114ff3ad539d81031c534c824048da91dd57f475147ef,results/k3_extension_20260717/run_k3_qwen2b_lora_v2_top3_gate070_maxin4352_20260717_171027_metadata.json,2eae4a2d05a563166642c60db508d8adbca8c7555e0892f8e8a70df72237e174,results/k3_extension_20260717/retrieval_traces/run_k3_qwen2b_lora_v2_top3_gate070_maxin4352_20260717_171027_retrieval_traces.jsonl,a45166f08ef0e0d1eddab67d805798e67c5182489bf75b75f61960ddf9dab4f8,PASS,COMPLETE_VALID
qwen2b,Qwen 3.5 2B,lora_v2,LoRA v2,top3_gate085,Dynamic Top-3 Gate 0.85,run_k3_qwen2b_lora_v2_top3_gate085_maxin4352_20260717_175214,1032,614,0.5949612403100775,880,0.8527131782945736,0.20348837209302326,0.34108527131782945,0.551295183139535,0.6484307277131783,2.354496828488372,379.81492248062017,2181,36.77325581395349,164,416.58817829457365,0,0,0,0,0,0.7054402448320413,0.450881,0.971507,0.6913299864341085,0.7217922742248062,0.7031984738372093,0.6913299864341085,7,1025,"{""0"": 1025, ""3"": 7}",4352,256,no_explicit_statement_timeout,configs/eval_qwen35_2b_lora_v2_old25k_r8_alpha16_mixedval2500_v2_bestepoch1_dynamic_bge_large_top3_gate085_k3_full_schema_maxin4352_full_aliasnames.json,4f0f9aa9d0917ee57257b1e161aa5dda13aaf929cb3c394582962ae51ef646eb,results/k3_extension_20260717/run_k3_qwen2b_lora_v2_top3_gate085_maxin4352_20260717_175214.csv,ab806da0bdc44fe795b6d0e5738886a7718acb476dc897f3c1587f131fbccf1f,results/k3_extension_20260717/run_k3_qwen2b_lora_v2_top3_gate085_maxin4352_20260717_175214_metadata.json,a9966dd0a54e4295f3ab4ff2c8d35e9eb903a714b36487dd06d69811f1138feb,results/k3_extension_20260717/retrieval_traces/run_k3_qwen2b_lora_v2_top3_gate085_maxin4352_20260717_175214_retrieval_traces.jsonl,0bcb442d2d93c96ebc7808d980b8050dd98b064918a430c152180994b097e3f3,PASS,COMPLETE_VALID
qwen2b,Qwen 3.5 2B,lora_v2,LoRA v2,structure_top3,Structure Top-3,run_k3_qwen2b_lora_v2_structure_top3_maxin4352_20260717_183318,1032,573,0.5552325581395349,824,0.7984496124031008,0.18313953488372092,0.3236434108527132,0.5165884738372093,0.607102965116279,2.4888857703488374,1447.6463178294573,4269,37.997093023255815,256,1485.6434108527133,0,0,1,0,0,0.7023275836563307,0.450881,0.971507,0.6853105203488373,0.7181813614341086,0.6998277083333333,0.6889736812015504,1032,0,"{""0"": 0, ""3"": 1032}",4352,256,no_explicit_statement_timeout,configs/eval_qwen35_2b_lora_v2_old25k_r8_alpha16_mixedval2500_v2_bestepoch1_dynamic_bge_large_top10_structure_rerank_v2_top3_k3_full_schema_maxin4352_full_aliasnames.json,0e692322a5b8d2af1fc5f5dc2ce884ba4edffb9d68184e042a7e794538b0d6af,results/k3_extension_20260717/run_k3_qwen2b_lora_v2_structure_top3_maxin4352_20260717_183318.csv,96149b93fd8ecb7d1d7d7b413076404783bcced85db0e88283bcd31cf6d8cc17,results/k3_extension_20260717/run_k3_qwen2b_lora_v2_structure_top3_maxin4352_20260717_183318_metadata.json,91a4d9531535b9826c6353c658b30e86cc6894e7051855ddff568e9b130e6159,results/k3_extension_20260717/retrieval_traces/run_k3_qwen2b_lora_v2_structure_top3_maxin4352_20260717_183318_retrieval_traces.jsonl,a87c9899c3b1d93ec6494ab1a9ee816d23e2112f686e87b4c63a6c43042ba9bc,PASS,COMPLETE_VALID
qwen2b,Qwen 3.5 2B,lora_v2,LoRA v2,structure_top3_gate070,Structure Top-3 Gate 0.70,run_k3_qwen2b_lora_v2_structure_top3_gate070_maxin4352_20260717_191647,1032,596,0.5775193798449613,856,0.8294573643410853,0.1928294573643411,0.34011627906976744,0.5435816782945737,0.6421487887596898,2.3952090949612406,834.906007751938,3728,37.00678294573643,164,871.9127906976744,0,0,0,0,0,0.7023275836563307,0.450881,0.971507,0.6853105203488373,0.7181813614341086,0.6998277083333333,0.6889736812015504,450,582,"{""0"": 582, ""3"": 450}",4352,256,no_explicit_statement_timeout,configs/eval_qwen35_2b_lora_v2_old25k_r8_alpha16_mixedval2500_v2_bestepoch1_dynamic_bge_large_top10_structure_rerank_v2_top3_gate070_k3_full_schema_maxin4352_full_aliasnames.json,574bcdcc55072869145b6ada03ebd853bece0ec7926ec261b8a805ec2435592d,results/k3_extension_20260717/run_k3_qwen2b_lora_v2_structure_top3_gate070_maxin4352_20260717_191647.csv,139a4c9387fe9f29fca43ea1c154b11105b3a26a4541920969ba0c63d5244446,results/k3_extension_20260717/run_k3_qwen2b_lora_v2_structure_top3_gate070_maxin4352_20260717_191647_metadata.json,4befcee7d5c775d635599711e72d71e3071950c0082960247042db676d119b69,results/k3_extension_20260717/retrieval_traces/run_k3_qwen2b_lora_v2_structure_top3_gate070_maxin4352_20260717_191647_retrieval_traces.jsonl,cf42e7b0d527b7596ddb850f6d86714373b68dd118d4e5edecf0f621a2b00352,PASS,COMPLETE_VALID
qwen2b,Qwen 3.5 2B,lora_v2,LoRA v2,structure_top3_gate085,Structure Top-3 Gate 0.85,run_k3_qwen2b_lora_v2_structure_top3_gate085_maxin4352_20260717_195838,1032,614,0.5949612403100775,880,0.8527131782945736,0.20348837209302326,0.34108527131782945,0.5516849709302325,0.648274437984496,2.302933208333333,378.5765503875969,2181,36.76937984496124,164,415.34593023255815,0,0,0,0,0,0.7023275836563307,0.450881,0.971507,0.6853105203488373,0.7181813614341086,0.6998277083333333,0.6889736812015504,6,1026,"{""0"": 1026, ""3"": 6}",4352,256,no_explicit_statement_timeout,configs/eval_qwen35_2b_lora_v2_old25k_r8_alpha16_mixedval2500_v2_bestepoch1_dynamic_bge_large_top10_structure_rerank_v2_top3_gate085_k3_full_schema_maxin4352_full_aliasnames.json,976f85d7af9f146f01e54b0d5df11e21376bedb66505e1518a4ff0e7c28d93c9,results/k3_extension_20260717/run_k3_qwen2b_lora_v2_structure_top3_gate085_maxin4352_20260717_195838.csv,0d232f908fbdeef26111103ba073f0f56aa93be1bc99a87b94da66537fded6f9,results/k3_extension_20260717/run_k3_qwen2b_lora_v2_structure_top3_gate085_maxin4352_20260717_195838_metadata.json,08b375599b094845e09ad37379ad0f3449d7970b05a11a3b3b4b5cd997d7add7,results/k3_extension_20260717/retrieval_traces/run_k3_qwen2b_lora_v2_structure_top3_gate085_maxin4352_20260717_195838_retrieval_traces.jsonl,623431ca8ba022c8ac1147597bf4c989ed1b03eee7fd8f26a4cf4cd685b119d0,PASS,COMPLETE_VALID
llama3b,Llama 3.2 3B Instruct,base,Base,top3,Dynamic Top-3,run_k3_llama3b_base_top3_maxin4352_20260717_203852,1032,575,0.5571705426356589,871,0.8439922480620154,0.1182170542635659,0.2567829457364341,0.4092085833333334,0.5102656937984497,0.761083840116279,1377.8953488372092,3675,33.40891472868217,189,1411.3042635658915,0,0,0,0,0,0.7054402448320413,0.450881,0.971507,0.6913299864341085,0.7217922742248062,0.7031984738372093,0.6913299864341085,1032,0,"{""0"": 0, ""3"": 1032}",4352,256,no_explicit_statement_timeout,configs/eval_llama32_3b_instruct_base_dynamic_bge_large_top3_k3_full_schema_maxin4352_full_aliasnames.json,f72ecf18ad94f41493c42cda30f86026f981d341c421ac9d570dac06f46ed39c,results/k3_extension_20260717/run_k3_llama3b_base_top3_maxin4352_20260717_203852.csv,aeb3992fdea5b39f552de238fa859a52d9a311b54186ff96808a02374ca4394c,results/k3_extension_20260717/run_k3_llama3b_base_top3_maxin4352_20260717_203852_metadata.json,771de49e667e32a9b19d61ec67c1df62683c5b75a6a0511b3bb9b62c4a4b4df2,results/k3_extension_20260717/retrieval_traces/run_k3_llama3b_base_top3_maxin4352_20260717_203852_retrieval_traces.jsonl,9784f983131943cee80b480463e22403d80d1aef105cf611d2f2c49ae0754d99,PASS,COMPLETE_VALID
llama3b,Llama 3.2 3B Instruct,base,Base,top3_gate070,Dynamic Top-3 Gate 0.70,run_k3_llama3b_base_top3_gate070_maxin4352_20260717_205807,1032,578,0.560077519379845,883,0.8556201550387597,0.09011627906976744,0.23934108527131784,0.3609571569767442,0.46548609011627906,0.7456009854651163,847.7403100775193,3671,32.96414728682171,189,880.7044573643411,0,3,0,0,0,0.7054402448320413,0.450881,0.971507,0.6913299864341085,0.7217922742248062,0.7031984738372093,0.6913299864341085,480,552,"{""0"": 552, ""3"": 480}",4352,256,no_explicit_statement_timeout,configs/eval_llama32_3b_instruct_base_dynamic_bge_large_top3_gate070_k3_full_schema_maxin4352_full_aliasnames.json,145f53212831facf257001ccfa68efe640052818deb868fe3f7ae62ad64146ef,results/k3_extension_20260717/run_k3_llama3b_base_top3_gate070_maxin4352_20260717_205807.csv,ccf19dc0f0f0859b1e9a0115f2de0a54f7bcf801a42cff0453834b57f25cb3fc,results/k3_extension_20260717/run_k3_llama3b_base_top3_gate070_maxin4352_20260717_205807_metadata.json,effb42c446c103adc8dce46b52f7232981cdf2e3d4c9c6c2aabb0bce8e28a2a8,results/k3_extension_20260717/retrieval_traces/run_k3_llama3b_base_top3_gate070_maxin4352_20260717_205807_retrieval_traces.jsonl,092bdfe62110b0e0b2fc3a968539ccd5505bdcd67250411d062f38a0f7e8e5c9,PASS,COMPLETE_VALID
llama3b,Llama 3.2 3B Instruct,base,Base,top3_gate085,Dynamic Top-3 Gate 0.85,run_k3_llama3b_base_top3_gate085_maxin4352_20260717_211705,1032,570,0.5523255813953488,877,0.8498062015503876,0.02810077519379845,0.19573643410852712,0.2793529195736434,0.420569117248062,0.7434002218992247,388.92732558139534,2135,32.7093023255814,194,421.63662790697674,0,5,0,0,0,0.7054402448320413,0.450881,0.971507,0.6913299864341085,0.7217922742248062,0.7031984738372093,0.6913299864341085,7,1025,"{""0"": 1025, ""3"": 7}",4352,256,no_explicit_statement_timeout,configs/eval_llama32_3b_instruct_base_dynamic_bge_large_top3_gate085_k3_full_schema_maxin4352_full_aliasnames.json,80594e2a0725b714ca62863d2c64db3732a27b1890828d85fa12db8b3076a79b,results/k3_extension_20260717/run_k3_llama3b_base_top3_gate085_maxin4352_20260717_211705.csv,8c1e0c949e2722149500a487ba5c2624183bcd79799be5322b93700aff19676d,results/k3_extension_20260717/run_k3_llama3b_base_top3_gate085_maxin4352_20260717_211705_metadata.json,c6cd6a2a2916aad12458de5e34b53458741e3d1d1adaec9f1d8e4ca3ef9bad64,results/k3_extension_20260717/retrieval_traces/run_k3_llama3b_base_top3_gate085_maxin4352_20260717_211705_retrieval_traces.jsonl,6ca09469594b65dd12674066d4b795e84d9cea95ac418c24a9007264cf665365,PASS,COMPLETE_VALID
llama3b,Llama 3.2 3B Instruct,base,Base,structure_top3,Structure Top-3,run_k3_llama3b_base_structure_top3_maxin4352_20260717_213156,1032,572,0.5542635658914729,879,0.8517441860465116,0.12112403100775193,0.250968992248062,0.41769839341085274,0.5125563081395349,0.7843944612403101,1410.1540697674418,4209,34.166666666666664,189,1444.3207364341085,0,0,0,0,0,0.7023275836563307,0.450881,0.971507,0.6853105203488373,0.7181813614341086,0.6998277083333333,0.6889736812015504,1032,0,"{""0"": 0, ""3"": 1032}",4352,256,no_explicit_statement_timeout,configs/eval_llama32_3b_instruct_base_dynamic_bge_large_top10_structure_rerank_v2_top3_k3_full_schema_maxin4352_full_aliasnames.json,3f97151c66b85513467fea089555be7da9bba31a177b2292ea2e93466155e245,results/k3_extension_20260717/run_k3_llama3b_base_structure_top3_maxin4352_20260717_213156.csv,42554de7307d4e5c0e32fa4f28a52ce3f1d9c91653d879b1b2ab62fdfec949a6,results/k3_extension_20260717/run_k3_llama3b_base_structure_top3_maxin4352_20260717_213156_metadata.json,e991a83b23e0eb0d9976e57e3445c9afc64e29d8f699b024936195890e47eaa5,results/k3_extension_20260717/retrieval_traces/run_k3_llama3b_base_structure_top3_maxin4352_20260717_213156_retrieval_traces.jsonl,60c85112a60be5ed74f4652dd2d2868501a9a4946d81622279bf7bf245dd71bd,PASS,COMPLETE_VALID
llama3b,Llama 3.2 3B Instruct,base,Base,structure_top3_gate070,Structure Top-3 Gate 0.70,run_k3_llama3b_base_structure_top3_gate070_maxin4352_20260717_214607,1032,576,0.5581395348837209,880,0.8527131782945736,0.08527131782945736,0.2315891472868217,0.3572321511627907,0.45794218507751944,0.7504126104651162,824.2548449612403,3671,33.13662790697674,189,857.3914728682171,0,3,0,0,0,0.7023275836563307,0.450881,0.971507,0.6853105203488373,0.7181813614341086,0.6998277083333333,0.6889736812015504,450,582,"{""0"": 582, ""3"": 450}",4352,256,no_explicit_statement_timeout,configs/eval_llama32_3b_instruct_base_dynamic_bge_large_top10_structure_rerank_v2_top3_gate070_k3_full_schema_maxin4352_full_aliasnames.json,290efa4a0b02012c8351290a8c093e01eb7903c01b0c96c202b7e9a58f92c0c7,results/k3_extension_20260717/run_k3_llama3b_base_structure_top3_gate070_maxin4352_20260717_214607.csv,67f66f2e05c73d784f162fa88b23ae048d506a448d843c02ddf2dc2a58b518f9,results/k3_extension_20260717/run_k3_llama3b_base_structure_top3_gate070_maxin4352_20260717_214607_metadata.json,ec721a0d8962be15d3cd97a2550528b9b2dbf84b7e4c50f6bc5a49628c622322,results/k3_extension_20260717/retrieval_traces/run_k3_llama3b_base_structure_top3_gate070_maxin4352_20260717_214607_retrieval_traces.jsonl,e135d5b6ca561233b8802a5fd8c42adb3b8b8e33ec83f667ea652283d2b9cdd3,PASS,COMPLETE_VALID
llama3b,Llama 3.2 3B Instruct,base,Base,structure_top3_gate085,Structure Top-3 Gate 0.85,run_k3_llama3b_base_structure_top3_gate085_maxin4352_20260717_215940,1032,570,0.5523255813953488,877,0.8498062015503876,0.02810077519379845,0.19573643410852712,0.2793465019379845,0.420569117248062,0.7388683129844962,387.73643410852713,2135,32.71220930232558,194,420.4486434108527,0,5,0,0,0,0.7023275836563307,0.450881,0.971507,0.6853105203488373,0.7181813614341086,0.6998277083333333,0.6889736812015504,6,1026,"{""0"": 1026, ""3"": 6}",4352,256,no_explicit_statement_timeout,configs/eval_llama32_3b_instruct_base_dynamic_bge_large_top10_structure_rerank_v2_top3_gate085_k3_full_schema_maxin4352_full_aliasnames.json,7853e66bb5628f398d44b629773c5667e95c787d96d426360b0d404c5869051c,results/k3_extension_20260717/run_k3_llama3b_base_structure_top3_gate085_maxin4352_20260717_215940.csv,b58ac01b588cccd36eab863156a31ebaa76e2b1f5c0486f91668563ad6d5076b,results/k3_extension_20260717/run_k3_llama3b_base_structure_top3_gate085_maxin4352_20260717_215940_metadata.json,fd8a76c76b5cc8026191c03edb83ca01fe8c3578f55394714fb3a1e8ea51fafb,results/k3_extension_20260717/retrieval_traces/run_k3_llama3b_base_structure_top3_gate085_maxin4352_20260717_215940_retrieval_traces.jsonl,792ab2bd67eb670bbcdcc6f2e34a460ae6896c60f4a054040de21849f8a00dad,PASS,COMPLETE_VALID
llama3b,Llama 3.2 3B Instruct,lora_v2,LoRA v2,top3,Dynamic Top-3,run_k3_llama3b_lora_v2_top3_maxin4352_20260717_221429,1032,559,0.5416666666666666,824,0.7984496124031008,0.1560077519379845,0.3498062015503876,0.524449609496124,0.6243344757751937,1.713317781007752,1377.8953488372092,3675,32.673449612403104,140,1410.5687984496124,0,0,0,0,0,0.7054402448320413,0.450881,0.971507,0.6913299864341085,0.7217922742248062,0.7031984738372093,0.6913299864341085,1032,0,"{""0"": 0, ""3"": 1032}",4352,256,no_explicit_statement_timeout,configs/eval_llama32_3b_instruct_lora_v2_old25k_r8_alpha16_mixedval2500_v2_dynamic_bge_large_top3_k3_full_schema_maxin4352_full_aliasnames.json,566e2dc0ead804212232767ddec2a36d276765654343a58a34a50b66a7239450,results/k3_extension_20260717/run_k3_llama3b_lora_v2_top3_maxin4352_20260717_221429.csv,85f1793e1a855701d79141f5d76da420ddbb025bf7e31f8ff52613b78b7c3cd1,results/k3_extension_20260717/run_k3_llama3b_lora_v2_top3_maxin4352_20260717_221429_metadata.json,4ab2b6b19a7ec5f4e20575d6c8924730ab975fd5e2d843173c7bea2926aa24ae,results/k3_extension_20260717/retrieval_traces/run_k3_llama3b_lora_v2_top3_maxin4352_20260717_221429_retrieval_traces.jsonl,9784f983131943cee80b480463e22403d80d1aef105cf611d2f2c49ae0754d99,PASS,COMPLETE_VALID
llama3b,Llama 3.2 3B Instruct,lora_v2,LoRA v2,top3_gate070,Dynamic Top-3 Gate 0.70,run_k3_llama3b_lora_v2_top3_gate070_maxin4352_20260717_224434,1032,593,0.5746124031007752,862,0.8352713178294574,0.16472868217054262,0.35852713178294576,0.5536563633720929,0.6574819593023254,1.7029554777131783,847.7403100775193,3671,32.59205426356589,143,880.3323643410853,0,0,0,0,0,0.7054402448320413,0.450881,0.971507,0.6913299864341085,0.7217922742248062,0.7031984738372093,0.6913299864341085,480,552,"{""0"": 552, ""3"": 480}",4352,256,no_explicit_statement_timeout,configs/eval_llama32_3b_instruct_lora_v2_old25k_r8_alpha16_mixedval2500_v2_dynamic_bge_large_top3_gate070_k3_full_schema_maxin4352_full_aliasnames.json,755ad440f7bfc985acdeb838f7a81a754cd24fd329dd2873379a273854ad9c46,results/k3_extension_20260717/run_k3_llama3b_lora_v2_top3_gate070_maxin4352_20260717_224434.csv,34de09e4486a574ce27a7347d9376b8b0ce3c8bca9be5aec329aac0d1846e8a3,results/k3_extension_20260717/run_k3_llama3b_lora_v2_top3_gate070_maxin4352_20260717_224434_metadata.json,44568abe716ce7ff8bc2d7a98db982ed4c96a92aaa0cb1322527620c1aa04e19,results/k3_extension_20260717/retrieval_traces/run_k3_llama3b_lora_v2_top3_gate070_maxin4352_20260717_224434_retrieval_traces.jsonl,092bdfe62110b0e0b2fc3a968539ccd5505bdcd67250411d062f38a0f7e8e5c9,PASS,COMPLETE_VALID
llama3b,Llama 3.2 3B Instruct,lora_v2,LoRA v2,top3_gate085,Dynamic Top-3 Gate 0.85,run_k3_llama3b_lora_v2_top3_gate085_maxin4352_20260717_231428,1032,630,0.6104651162790697,894,0.8662790697674418,0.1695736434108527,0.3866279069767442,0.5870288110465116,0.6872144224806201,1.648620442829457,388.92732558139534,2135,32.468023255813954,143,421.3953488372093,0,0,0,0,0,0.7054402448320413,0.450881,0.971507,0.6913299864341085,0.7217922742248062,0.7031984738372093,0.6913299864341085,7,1025,"{""0"": 1025, ""3"": 7}",4352,256,no_explicit_statement_timeout,configs/eval_llama32_3b_instruct_lora_v2_old25k_r8_alpha16_mixedval2500_v2_dynamic_bge_large_top3_gate085_k3_full_schema_maxin4352_full_aliasnames.json,056729e47746bcc0293b9095da3a795c86b75d0826c93add6d5f236ba2ad94ab,results/k3_extension_20260717/run_k3_llama3b_lora_v2_top3_gate085_maxin4352_20260717_231428.csv,46c428c9dc5264c9711ee13923b6f52f1534ab27932e4f0b5bc3419a9f9f0d67,results/k3_extension_20260717/run_k3_llama3b_lora_v2_top3_gate085_maxin4352_20260717_231428_metadata.json,04451e049465754a7dae42bff8d75564268c6bf13e30a1fb36984dcd8675c35c,results/k3_extension_20260717/retrieval_traces/run_k3_llama3b_lora_v2_top3_gate085_maxin4352_20260717_231428_retrieval_traces.jsonl,6ca09469594b65dd12674066d4b795e84d9cea95ac418c24a9007264cf665365,PASS,COMPLETE_VALID
llama3b,Llama 3.2 3B Instruct,lora_v2,LoRA v2,structure_top3,Structure Top-3,run_k3_llama3b_lora_v2_structure_top3_maxin4352_20260717_234324,1032,561,0.5436046511627907,828,0.8023255813953488,0.16279069767441862,0.3624031007751938,0.5356511841085272,0.6349932819767441,1.7596670532945737,1410.1540697674418,4209,33.501937984496124,140,1443.656007751938,0,0,0,0,0,0.7023275836563307,0.450881,0.971507,0.6853105203488373,0.7181813614341086,0.6998277083333333,0.6889736812015504,1032,0,"{""0"": 0, ""3"": 1032}",4352,256,no_explicit_statement_timeout,configs/eval_llama32_3b_instruct_lora_v2_old25k_r8_alpha16_mixedval2500_v2_dynamic_bge_large_top10_structure_rerank_v2_top3_k3_full_schema_maxin4352_full_aliasnames.json,4966c61fc87c6d4e513bf01a3d683b74898486554558969fe07e3e060593dcfd,results/k3_extension_20260717/run_k3_llama3b_lora_v2_structure_top3_maxin4352_20260717_234324.csv,4b6ca7737371ea69ce88ace69e5362f1e01b1a5be763890bf5154170d79efeb4,results/k3_extension_20260717/run_k3_llama3b_lora_v2_structure_top3_maxin4352_20260717_234324_metadata.json,4a0fd504f6cb76729b89cdcdaac9bc09598bc27a998bcd7c606cdc01f7d7c3c3,results/k3_extension_20260717/retrieval_traces/run_k3_llama3b_lora_v2_structure_top3_maxin4352_20260717_234324_retrieval_traces.jsonl,60c85112a60be5ed74f4652dd2d2868501a9a4946d81622279bf7bf245dd71bd,PASS,COMPLETE_VALID
llama3b,Llama 3.2 3B Instruct,lora_v2,LoRA v2,structure_top3_gate070,Structure Top-3 Gate 0.70,run_k3_llama3b_lora_v2_structure_top3_gate070_maxin4352_20260718_001419,1032,591,0.5726744186046512,861,0.8343023255813954,0.17151162790697674,0.3624031007751938,0.5602913439922481,0.661809757751938,1.6698088507751938,824.2548449612403,3671,32.917635658914726,143,857.172480620155,0,0,0,0,0,0.7023275836563307,0.450881,0.971507,0.6853105203488373,0.7181813614341086,0.6998277083333333,0.6889736812015504,450,582,"{""0"": 582, ""3"": 450}",4352,256,no_explicit_statement_timeout,configs/eval_llama32_3b_instruct_lora_v2_old25k_r8_alpha16_mixedval2500_v2_dynamic_bge_large_top10_structure_rerank_v2_top3_gate070_k3_full_schema_maxin4352_full_aliasnames.json,8467df1ffa75fa638de57c10589ed18b133bf4109fd9abd0dbcb0c79ea09c3a9,results/k3_extension_20260717/run_k3_llama3b_lora_v2_structure_top3_gate070_maxin4352_20260718_001419.csv,4675cb2832e7b27f323c4d847b8f4b86f5db06b2e4d3ecd4a926aa94bcbb7187,results/k3_extension_20260717/run_k3_llama3b_lora_v2_structure_top3_gate070_maxin4352_20260718_001419_metadata.json,7c41f93014f87295f0fcf7e68dde137a077a551f1408b2893e62e20f898aefde,results/k3_extension_20260717/retrieval_traces/run_k3_llama3b_lora_v2_structure_top3_gate070_maxin4352_20260718_001419_retrieval_traces.jsonl,e135d5b6ca561233b8802a5fd8c42adb3b8b8e33ec83f667ea652283d2b9cdd3,PASS,COMPLETE_VALID
llama3b,Llama 3.2 3B Instruct,lora_v2,LoRA v2,structure_top3_gate085,Structure Top-3 Gate 0.85,run_k3_llama3b_lora_v2_structure_top3_gate085_maxin4352_20260718_004341,1032,630,0.6104651162790697,895,0.8672480620155039,0.1695736434108527,0.3866279069767442,0.5872541414728683,0.6880896414728682,1.6533648091085273,387.73643410852713,2135,32.49418604651163,143,420.23062015503876,0,0,0,0,0,0.7023275836563307,0.450881,0.971507,0.6853105203488373,0.7181813614341086,0.6998277083333333,0.6889736812015504,6,1026,"{""0"": 1026, ""3"": 6}",4352,256,no_explicit_statement_timeout,configs/eval_llama32_3b_instruct_lora_v2_old25k_r8_alpha16_mixedval2500_v2_dynamic_bge_large_top10_structure_rerank_v2_top3_gate085_k3_full_schema_maxin4352_full_aliasnames.json,9f237f2c207cb830b3547d14472b1589567b0ebf995c6e30baa94e2244fa906f,results/k3_extension_20260717/run_k3_llama3b_lora_v2_structure_top3_gate085_maxin4352_20260718_004341.csv,007ccc74957aa2169a67793e944920561cd535cf78f7f97d1b051be5730985ab,results/k3_extension_20260717/run_k3_llama3b_lora_v2_structure_top3_gate085_maxin4352_20260718_004341_metadata.json,8fc2ed7c160f5dba4f0e29441ebc3579a1fab46fb7a1bb3433fcafbe1beb741f,results/k3_extension_20260717/retrieval_traces/run_k3_llama3b_lora_v2_structure_top3_gate085_maxin4352_20260718_004341_retrieval_traces.jsonl,792ab2bd67eb670bbcdcc6f2e34a460ae6896c60f4a054040de21849f8a00dad,PASS,COMPLETE_VALID
qwen9b,Qwen 3.5 9B,base,Base,top3,Dynamic Top-3,run_k3_qwen9b_base_top3_maxin4352_sqltimeout900v3_20260718_180657,1032,683,0.6618217054263565,945,0.9156976744186046,0.07461240310077519,0.3062015503875969,0.35086167248062017,0.5263692470930232,1.6336116637596898,1415.1637596899225,3733,29.9515503875969,256,1445.1153100775193,0,1,3,1,0,0.7054402448320413,0.450881,0.971507,0.6913299864341085,0.7217922742248062,0.7031984738372093,0.6913299864341085,1032,0,"{""0"": 0, ""3"": 1032}",4352,256,900s_per_gold_and_prediction_statement,configs/eval_qwen35_9b_base_dynamic_bge_large_top3_k3_full_schema_maxin4352_full_aliasnames_sqltimeout900v3.json,587e0e623a3bf907d4f0c236b876699f2b242f075942e2cf30df5a4ea8bbd98d,results/k3_extension_20260717/run_k3_qwen9b_base_top3_maxin4352_sqltimeout900v3_20260718_180657.csv,8192134d287aefe477687503d18244b26611ca7b3077580afaac90d6ac10de01,results/k3_extension_20260717/run_k3_qwen9b_base_top3_maxin4352_sqltimeout900v3_20260718_180657_metadata.json,603d1571300beb500dc17c7233c4afbf677198b53987d538f97e972396ab83b0,results/k3_extension_20260717/retrieval_traces/run_k3_qwen9b_base_top3_maxin4352_sqltimeout900v3_20260718_180657_retrieval_traces.jsonl,c82b306ac3fbc64b641f6772e9eb1e2c27fde90978c98d74d0253d9dfedacb57,PASS,COMPLETE_WITH_WARNING
qwen9b,Qwen 3.5 9B,base,Base,top3_gate070,Dynamic Top-3 Gate 0.70,run_k3_qwen9b_base_top3_gate070_maxin4352_sqltimeout900v3_20260718_092641,1032,699,0.6773255813953488,989,0.9583333333333334,0.060077519379844964,0.2771317829457364,0.3295669525193798,0.48992391860465107,1.5981952093023255,859.7519379844962,3728,30.63953488372093,121,890.3914728682171,0,0,0,0,0,0.7054402448320413,0.450881,0.971507,0.6913299864341085,0.7217922742248062,0.7031984738372093,0.6913299864341085,480,552,"{""0"": 552, ""3"": 480}",4352,256,900s_per_gold_and_prediction_statement,configs/eval_qwen35_9b_base_dynamic_bge_large_top3_gate070_k3_full_schema_maxin4352_full_aliasnames_sqltimeout900v3.json,3b8910e6be11ea1dd8c0ee9b1b0cc2ba177d7c08290d8db8bfa6885d91880b98,results/k3_extension_20260717/run_k3_qwen9b_base_top3_gate070_maxin4352_sqltimeout900v3_20260718_092641.csv,c3b1f18a411375724bf54112ebc41d33094da78003bad5c7917eed89d8ee6e7d,results/k3_extension_20260717/run_k3_qwen9b_base_top3_gate070_maxin4352_sqltimeout900v3_20260718_092641_metadata.json,724a923833150c0605e339d5cec5d0f31725d33b172847b49bda82c5d3350173,results/k3_extension_20260717/retrieval_traces/run_k3_qwen9b_base_top3_gate070_maxin4352_sqltimeout900v3_20260718_092641_retrieval_traces.jsonl,a45166f08ef0e0d1eddab67d805798e67c5182489bf75b75f61960ddf9dab4f8,PASS,COMPLETE_WITH_WARNING
qwen9b,Qwen 3.5 9B,base,Base,top3_gate085,Dynamic Top-3 Gate 0.85,run_k3_qwen9b_base_top3_gate085_maxin4352_sqltimeout900v3_20260718_095446,1032,711,0.688953488372093,1008,0.9767441860465116,0.01937984496124031,0.2054263565891473,0.28826040600775193,0.42043240310077523,1.6155236511627908,379.81492248062017,2181,32.68604651162791,145,412.5009689922481,0,0,0,0,0,0.7054402448320413,0.450881,0.971507,0.6913299864341085,0.7217922742248062,0.7031984738372093,0.6913299864341085,7,1025,"{""0"": 1025, ""3"": 7}",4352,256,900s_per_gold_and_prediction_statement,configs/eval_qwen35_9b_base_dynamic_bge_large_top3_gate085_k3_full_schema_maxin4352_full_aliasnames_sqltimeout900v3.json,6d356a3e10472a74f06c79d624dd4272b66a442f83e50339092dd4a997ac1c28,results/k3_extension_20260717/run_k3_qwen9b_base_top3_gate085_maxin4352_sqltimeout900v3_20260718_095446.csv,9e44891fa3db6c5e3fcb1788e0aa39ebb0d9949cdd63a509d2a08e48774e412e,results/k3_extension_20260717/run_k3_qwen9b_base_top3_gate085_maxin4352_sqltimeout900v3_20260718_095446_metadata.json,f470b87e13c41b77689de7c7bd309906db73b38a3ffe83761f683511b17564bf,results/k3_extension_20260717/retrieval_traces/run_k3_qwen9b_base_top3_gate085_maxin4352_sqltimeout900v3_20260718_095446_retrieval_traces.jsonl,0bcb442d2d93c96ebc7808d980b8050dd98b064918a430c152180994b097e3f3,PASS,COMPLETE_WITH_WARNING
qwen9b,Qwen 3.5 9B,base,Base,structure_top3,Structure Top-3,run_k3_qwen9b_base_structure_top3_maxin4352_sqltimeout900v3_20260718_102308,1032,685,0.6637596899224806,944,0.9147286821705426,0.07267441860465117,0.312015503875969,0.3550648294573644,0.540788328488372,1.6450265271317828,1447.6463178294573,4269,30.700581395348838,256,1478.3468992248063,0,0,3,1,0,0.7023275836563307,0.450881,0.971507,0.6853105203488373,0.7181813614341086,0.6998277083333333,0.6889736812015504,1032,0,"{""0"": 0, ""3"": 1032}",4352,256,900s_per_gold_and_prediction_statement,configs/eval_qwen35_9b_base_dynamic_bge_large_top10_structure_rerank_v2_top3_k3_full_schema_maxin4352_full_aliasnames_sqltimeout900v3.json,faed222589737b1ed01c9d62fac9d8be7869b49823fd0b9c931fec186e4c26cc,results/k3_extension_20260717/run_k3_qwen9b_base_structure_top3_maxin4352_sqltimeout900v3_20260718_102308.csv,a9a20355392aab215339b555949c6fd11166eb519d0a348489499a8fddb09bba,results/k3_extension_20260717/run_k3_qwen9b_base_structure_top3_maxin4352_sqltimeout900v3_20260718_102308_metadata.json,c3dc887874957c740a5aec523638f1797467ccb952c30acdcf0407841f4d94e7,results/k3_extension_20260717/retrieval_traces/run_k3_qwen9b_base_structure_top3_maxin4352_sqltimeout900v3_20260718_102308_retrieval_traces.jsonl,a87c9899c3b1d93ec6494ab1a9ee816d23e2112f686e87b4c63a6c43042ba9bc,PASS,COMPLETE_WITH_WARNING
qwen9b,Qwen 3.5 9B,base,Base,structure_top3_gate070,Structure Top-3 Gate 0.70,run_k3_qwen9b_base_structure_top3_gate070_maxin4352_sqltimeout900v3_20260718_110703,1032,697,0.6753875968992248,988,0.9573643410852714,0.05426356589147287,0.2703488372093023,0.32629643217054266,0.48664526065891467,1.6240128643410852,834.906007751938,3728,30.91763565891473,121,865.8236434108527,0,0,0,0,0,0.7023275836563307,0.450881,0.971507,0.6853105203488373,0.7181813614341086,0.6998277083333333,0.6889736812015504,450,582,"{""0"": 582, ""3"": 450}",4352,256,900s_per_gold_and_prediction_statement,configs/eval_qwen35_9b_base_dynamic_bge_large_top10_structure_rerank_v2_top3_gate070_k3_full_schema_maxin4352_full_aliasnames_sqltimeout900v3.json,f4549bef096e0914ad91fc0fd49ac9b70b8d6a76c882e855a5ca3e763edbc205,results/k3_extension_20260717/run_k3_qwen9b_base_structure_top3_gate070_maxin4352_sqltimeout900v3_20260718_110703.csv,6e468cebfc32e3e037073786bed0c6be42b845d24d6adea2bd9a701868c7c0e6,results/k3_extension_20260717/run_k3_qwen9b_base_structure_top3_gate070_maxin4352_sqltimeout900v3_20260718_110703_metadata.json,a043616c54da0d50565fa5673c585c5f6d619d63bd9a77c54e05ed26225a8d48,results/k3_extension_20260717/retrieval_traces/run_k3_qwen9b_base_structure_top3_gate070_maxin4352_sqltimeout900v3_20260718_110703_retrieval_traces.jsonl,cf42e7b0d527b7596ddb850f6d86714373b68dd118d4e5edecf0f621a2b00352,PASS,COMPLETE_WITH_WARNING
qwen9b,Qwen 3.5 9B,base,Base,structure_top3_gate085,Structure Top-3 Gate 0.85,run_k3_qwen9b_base_structure_top3_gate085_maxin4352_sqltimeout900v3_20260718_113537,1032,711,0.688953488372093,1009,0.9777131782945736,0.01937984496124031,0.2054263565891473,0.2882425135658914,0.4204764486434109,1.5973680222868218,378.5765503875969,2181,32.71027131782946,145,411.28682170542635,0,0,0,0,0,0.7023275836563307,0.450881,0.971507,0.6853105203488373,0.7181813614341086,0.6998277083333333,0.6889736812015504,6,1026,"{""0"": 1026, ""3"": 6}",4352,256,900s_per_gold_and_prediction_statement,configs/eval_qwen35_9b_base_dynamic_bge_large_top10_structure_rerank_v2_top3_gate085_k3_full_schema_maxin4352_full_aliasnames_sqltimeout900v3.json,96b342503013900ce403e10dc7b08b26370c0c35a2e75306570016a04bbeeaca,results/k3_extension_20260717/run_k3_qwen9b_base_structure_top3_gate085_maxin4352_sqltimeout900v3_20260718_113537.csv,4941d4981ba52e0332e794159e42672636b0d62583c8be77ad96cfed39182103,results/k3_extension_20260717/run_k3_qwen9b_base_structure_top3_gate085_maxin4352_sqltimeout900v3_20260718_113537_metadata.json,04f83948f6c22fd5eb4fee56d8b74de892a916c453dd82e27c63755deef9833a,results/k3_extension_20260717/retrieval_traces/run_k3_qwen9b_base_structure_top3_gate085_maxin4352_sqltimeout900v3_20260718_113537_retrieval_traces.jsonl,623431ca8ba022c8ac1147597bf4c989ed1b03eee7fd8f26a4cf4cd685b119d0,PASS,COMPLETE_WITH_WARNING
qwen9b,Qwen 3.5 9B,lora_v2,LoRA v2,top3,Dynamic Top-3,run_k3_qwen9b_lora_v2_top3_maxin4352_sqltimeout900v3_20260718_120344,1032,763,0.7393410852713178,981,0.9505813953488372,0.23352713178294573,0.49709302325581395,0.659254465116279,0.749521226744186,2.935969631782946,1415.1637596899225,3733,32.872093023255815,135,1448.0358527131782,0,0,0,0,0,0.7054402448320413,0.450881,0.971507,0.6913299864341085,0.7217922742248062,0.7031984738372093,0.6913299864341085,1032,0,"{""0"": 0, ""3"": 1032}",4352,256,900s_per_gold_and_prediction_statement,configs/eval_qwen35_9b_lora_v2_old25k_r8_alpha16_mixedval2500_v2_bestepoch1_dynamic_bge_large_top3_k3_full_schema_maxin4352_full_aliasnames_sqltimeout900v3.json,ea29c1f7f35024c4225244dd82c7ce7b16451b020527c80f5b36659f049c986e,results/k3_extension_20260717/run_k3_qwen9b_lora_v2_top3_maxin4352_sqltimeout900v3_20260718_120344.csv,9aa6d974af4782a169437114dec2fa2f1c8495658f3e2492f3cd42ffc31ca39f,results/k3_extension_20260717/run_k3_qwen9b_lora_v2_top3_maxin4352_sqltimeout900v3_20260718_120344_metadata.json,fe28212cefd8f5eaf2cbfcc856fb7a2bd0be8377f34bfc98b8f7464ee37fb403,results/k3_extension_20260717/retrieval_traces/run_k3_qwen9b_lora_v2_top3_maxin4352_sqltimeout900v3_20260718_120344_retrieval_traces.jsonl,c82b306ac3fbc64b641f6772e9eb1e2c27fde90978c98d74d0253d9dfedacb57,PASS,COMPLETE_WITH_WARNING
qwen9b,Qwen 3.5 9B,lora_v2,LoRA v2,top3_gate070,Dynamic Top-3 Gate 0.70,run_k3_qwen9b_lora_v2_top3_gate070_maxin4352_sqltimeout900v3_20260718_125453,1032,766,0.7422480620155039,994,0.9631782945736435,0.22674418604651161,0.48352713178294576,0.6624941569767442,0.7598668430232558,2.9607238236434106,859.7519379844962,3728,33.873062015503876,139,893.625,0,0,0,0,0,0.7054402448320413,0.450881,0.971507,0.6913299864341085,0.7217922742248062,0.7031984738372093,0.6913299864341085,480,552,"{""0"": 552, ""3"": 480}",4352,256,900s_per_gold_and_prediction_statement,configs/eval_qwen35_9b_lora_v2_old25k_r8_alpha16_mixedval2500_v2_bestepoch1_dynamic_bge_large_top3_gate070_k3_full_schema_maxin4352_full_aliasnames_sqltimeout900v3.json,e767a750bbf4efc4546a49f0b3558166d130ef312a940e1f641c1bcc50df6b17,results/k3_extension_20260717/run_k3_qwen9b_lora_v2_top3_gate070_maxin4352_sqltimeout900v3_20260718_125453.csv,d466f04b745fefa387b96f8a048b040b131b7653c0caecdfc8e278f2e5bf8956,results/k3_extension_20260717/run_k3_qwen9b_lora_v2_top3_gate070_maxin4352_sqltimeout900v3_20260718_125453_metadata.json,00c2335b8dab72765c282f04e332305eaa0aa40d82d7c94e7d397cd858addf26,results/k3_extension_20260717/retrieval_traces/run_k3_qwen9b_lora_v2_top3_gate070_maxin4352_sqltimeout900v3_20260718_125453_retrieval_traces.jsonl,a45166f08ef0e0d1eddab67d805798e67c5182489bf75b75f61960ddf9dab4f8,PASS,COMPLETE_WITH_WARNING
qwen9b,Qwen 3.5 9B,lora_v2,LoRA v2,top3_gate085,Dynamic Top-3 Gate 0.85,run_k3_qwen9b_lora_v2_top3_gate085_maxin4352_sqltimeout900v3_20260718_134627,1032,767,0.7432170542635659,1001,0.9699612403100775,0.2180232558139535,0.4583333333333333,0.6562406356589148,0.7532396162790698,2.987091787790698,379.81492248062017,2181,34.632751937984494,172,414.44767441860466,0,0,0,0,0,0.7054402448320413,0.450881,0.971507,0.6913299864341085,0.7217922742248062,0.7031984738372093,0.6913299864341085,7,1025,"{""0"": 1025, ""3"": 7}",4352,256,900s_per_gold_and_prediction_statement,configs/eval_qwen35_9b_lora_v2_old25k_r8_alpha16_mixedval2500_v2_bestepoch1_dynamic_bge_large_top3_gate085_k3_full_schema_maxin4352_full_aliasnames_sqltimeout900v3.json,60329f57138d238015ceaed1b333848a7f0b28783383481dda24463f44b4521c,results/k3_extension_20260717/run_k3_qwen9b_lora_v2_top3_gate085_maxin4352_sqltimeout900v3_20260718_134627.csv,034210e541dee91402fd60f415ee4f0937fd197fe0b13f45a4eea14b2a7bfaba,results/k3_extension_20260717/run_k3_qwen9b_lora_v2_top3_gate085_maxin4352_sqltimeout900v3_20260718_134627_metadata.json,c1c2693bc651650ddb355df74c7b470b89111ed2101250fc80af8633b1ecebe0,results/k3_extension_20260717/retrieval_traces/run_k3_qwen9b_lora_v2_top3_gate085_maxin4352_sqltimeout900v3_20260718_134627_retrieval_traces.jsonl,0bcb442d2d93c96ebc7808d980b8050dd98b064918a430c152180994b097e3f3,PASS,COMPLETE_WITH_WARNING
qwen9b,Qwen 3.5 9B,lora_v2,LoRA v2,structure_top3,Structure Top-3,run_k3_qwen9b_lora_v2_structure_top3_maxin4352_sqltimeout900v3_20260718_143827,1032,760,0.7364341085271318,979,0.9486434108527132,0.23062015503875968,0.48643410852713176,0.6575976550387597,0.7453943032945736,3.0076738439922486,1447.6463178294573,4269,33.24903100775194,135,1480.8953488372092,0,0,0,0,0,0.7023275836563307,0.450881,0.971507,0.6853105203488373,0.7181813614341086,0.6998277083333333,0.6889736812015504,1032,0,"{""0"": 0, ""3"": 1032}",4352,256,900s_per_gold_and_prediction_statement,configs/eval_qwen35_9b_lora_v2_old25k_r8_alpha16_mixedval2500_v2_bestepoch1_dynamic_bge_large_top10_structure_rerank_v2_top3_k3_full_schema_maxin4352_full_aliasnames_sqltimeout900v3.json,c345d4a40e62cb8c5336bc08da9dba3dadeab8d48b93870c2c5f30dcd5c12092,results/k3_extension_20260717/run_k3_qwen9b_lora_v2_structure_top3_maxin4352_sqltimeout900v3_20260718_143827.csv,0343cb1e604e995ddc2190cbab28a152bea63c9d823b24f7c74585b93eeea561,results/k3_extension_20260717/run_k3_qwen9b_lora_v2_structure_top3_maxin4352_sqltimeout900v3_20260718_143827_metadata.json,8702552d8c6cc0eb5a7adab67c2c7d5415ed84289ba89ef8eb2e627a29aaeba7,results/k3_extension_20260717/retrieval_traces/run_k3_qwen9b_lora_v2_structure_top3_maxin4352_sqltimeout900v3_20260718_143827_retrieval_traces.jsonl,a87c9899c3b1d93ec6494ab1a9ee816d23e2112f686e87b4c63a6c43042ba9bc,PASS,COMPLETE_WITH_WARNING
qwen9b,Qwen 3.5 9B,lora_v2,LoRA v2,structure_top3_gate070,Structure Top-3 Gate 0.70,run_k3_qwen9b_lora_v2_structure_top3_gate070_maxin4352_sqltimeout900v3_20260718_153052,1032,761,0.7374031007751938,996,0.9651162790697675,0.2248062015503876,0.4728682170542636,0.661025425387597,0.7560960571705426,2.9869790174418602,834.906007751938,3728,33.94476744186046,139,868.8507751937984,0,0,0,0,0,0.7023275836563307,0.450881,0.971507,0.6853105203488373,0.7181813614341086,0.6998277083333333,0.6889736812015504,450,582,"{""0"": 582, ""3"": 450}",4352,256,900s_per_gold_and_prediction_statement,configs/eval_qwen35_9b_lora_v2_old25k_r8_alpha16_mixedval2500_v2_bestepoch1_dynamic_bge_large_top10_structure_rerank_v2_top3_gate070_k3_full_schema_maxin4352_full_aliasnames_sqltimeout900v3.json,23c91b67f9b16216abfd7cbca68032bc6940c7cddd4b347ae06598ed6a82e381,results/k3_extension_20260717/run_k3_qwen9b_lora_v2_structure_top3_gate070_maxin4352_sqltimeout900v3_20260718_153052.csv,c6be76e38862b8b0ba73951b58a3e8d92748919a684024e84349190eb8a69229,results/k3_extension_20260717/run_k3_qwen9b_lora_v2_structure_top3_gate070_maxin4352_sqltimeout900v3_20260718_153052_metadata.json,e659f65c8d9c8df91984b9e8f3ee3da22658aa0add225436fc3e675608b8a99c,results/k3_extension_20260717/retrieval_traces/run_k3_qwen9b_lora_v2_structure_top3_gate070_maxin4352_sqltimeout900v3_20260718_153052_retrieval_traces.jsonl,cf42e7b0d527b7596ddb850f6d86714373b68dd118d4e5edecf0f621a2b00352,PASS,COMPLETE_WITH_WARNING
qwen9b,Qwen 3.5 9B,lora_v2,LoRA v2,structure_top3_gate085,Structure Top-3 Gate 0.85,run_k3_qwen9b_lora_v2_structure_top3_gate085_maxin4352_sqltimeout900v3_20260718_162255,1032,767,0.7432170542635659,1001,0.9699612403100775,0.2180232558139535,0.4583333333333333,0.6562406356589148,0.7532396162790698,2.9215635552325576,378.5765503875969,2181,34.632751937984494,172,413.2093023255814,0,0,0,0,0,0.7023275836563307,0.450881,0.971507,0.6853105203488373,0.7181813614341086,0.6998277083333333,0.6889736812015504,6,1026,"{""0"": 1026, ""3"": 6}",4352,256,900s_per_gold_and_prediction_statement,configs/eval_qwen35_9b_lora_v2_old25k_r8_alpha16_mixedval2500_v2_bestepoch1_dynamic_bge_large_top10_structure_rerank_v2_top3_gate085_k3_full_schema_maxin4352_full_aliasnames_sqltimeout900v3.json,f6a45ba2a4d2271a303fc79ed4842d50aef20dd190a230487cfc55b59d4a5b13,results/k3_extension_20260717/run_k3_qwen9b_lora_v2_structure_top3_gate085_maxin4352_sqltimeout900v3_20260718_162255.csv,d0d680e21dcf2a1dc8e89a454b3a5ac0461eef70ca88076bd3167f09a0f4b34b,results/k3_extension_20260717/run_k3_qwen9b_lora_v2_structure_top3_gate085_maxin4352_sqltimeout900v3_20260718_162255_metadata.json,42e2d6c5bcb5a5c7b7b13aecb4c72e419adaa97ed9e1c3495f1ee5ac5f6f8413,results/k3_extension_20260717/retrieval_traces/run_k3_qwen9b_lora_v2_structure_top3_gate085_maxin4352_sqltimeout900v3_20260718_162255_retrieval_traces.jsonl,623431ca8ba022c8ac1147597bf4c989ed1b03eee7fd8f26a4cf4cd685b119d0,PASS,COMPLETE_WITH_WARNING
